key,artist_name
Bruh Bruhs,My song on jpg
Eternal Echoes,Alice Johnson
Lost in the Moonlight,John Smith
Whispers in the Wind,Emily Davis
Midnight Serenade,Michael Wilson
Dancing with Shadows,Olivia Brown
Beneath the Starlight,William Lee
In the Arms of Time,Sophia Hall
Melodies of the Heart,James Taylor
Chasing Dreams,Ava Martinez
A Symphony of Silence,Robert Anderson
The Colors of Tomorrow,Isabella Perez
Secrets of the Universe,David Jones
Rhythms of the Soul,Emma Garcia
Through the Looking Glass,Joseph Hernandez
Voices from Beyond,Mia Rodriguez
Waves of Destiny,Charles Gonzalez
Echoes of Eternity,Robert Anderson
A Dance with Destiny,Daniel Martin
Harmony of the Cosmos,Midnight Serenaders
Notes of the Infinite,Matthew Moore
Whispers in the Rain,Grace King
Stardust Serenade,Christopher Turner
Echoes of Love,Sophia Hall
Celestial Dreams,Andrew Mitchell
Underneath the Moon,Robert Anderson
Sirens of Solitude,Josephine White
Songbird's Lullaby,Robert Anderson
Starlit Embrace,Chloe Hill
Mysteries of the Night,Midnight Serenaders
The Cosmic Waltz,Harper Green
Moonlight Reverie,Samuel Reed
Journey to Infinity,Nebula Navigators
Dancing with Fireflies,Alexander Scott
Hearts in Harmony,Avery Carter
Astral Whispers,Benjamin Murphy
Galactic Rhapsody,Scarlett Turner
Enchanted Echoes,Lunar Lullabists
Serenade of Shadows,Midnight Visionaries
Harbor of Dreams,Galactic Chorus
Chasing Stardust,Amelia Hughes
Timeless Melodies,Midnight Serenaders
The Voyager's Ballad,Evelyn Hayes
Midnight Sonata,Sophia Hall
Whispers of the Universe,Grace Powell
Starry-Eyed Dreams,Matthew Hayes
Lullaby of the Cosmos,Addison Stewart
Wandering Through Time,Gabriel Rivera
Sapphire Skies,Robert Anderson
Eclipse of the Heart,Nebula Navigators
Soulful Constellations,Eleanor Campbell
Echoes of Autumn,The Velvet Echoes
Lullaby for a Rainy Day,Midnight Serenaders
Moonlit Memories,Starry Nightfall
Starstruck Serenade,Ethereal Dreamscape
Dancing with Firelight,Astral Harmonies
Midnight Mirage,Luna Solitude
Celestial Reverie,Bloom BlazesWhispering Voices
Harmony of Hearts,Celestial Cadence
Wandering in Wonder,Galactic Dreamweavers
Astral Embrace,Robert Anderson
Songs of Solitude,Siren's Serenaders
Stardust Symphony,Stardust Symphony
Ripples of Time,Harbor of Echoes
Siren's Serenity,Cosmic Serenaders
Heavenly Harmonies,Twilight Dreamers
Eternal Twilight,Moonlit Musicians
Dreams in Technicolor,Sapphire Stardreamers
Chasing Echoing Dreams,Eclipse Euphony
Notes from the Cosmos,Starry-Eyed Nomads
Whispers of Wisdom,Robert Anderson
Secrets of Serendipity,Aurora Serenades
Songs from the Void,Lost in Harmony
Swaying to the Stars,Milky Way Melodies
Melodies in Moonlight,Soulful Stardancers
Under the Celestial Canopy,Dreaming Voyagers
A Symphony of Whispers,Echoes of Infinity
Twilight's Embrace,Wandering Stars
Starry-Eyed Reverie,Nebula Navigators
Sapphire Dreams,Aurora Alchemists
Voices of Eternity,Lost in Melody
Journey through Dreams,Milky Way Musicians
Echoes of the Past,Robert Anderson
Serenading Stardust,Dreaming Harmonists
Whispers in the Nightfall,Infinity Dreamers
Soulful Stardance,Wandering Starlight
Harbor of Reflections,Cosmic Caravan
Songs for the Soul,Stardust Strings
Lost in the Cosmos,Eternal Serenades
Starry Serenades,Astral Alchemists
Embers of Echoes,Mysteries of Melody
Cosmic Cadence,Celestial Lullabies
Waves of Euphoria,Harmonious Horizons
Lunar Love Letters,Whispers of the Cosmos
Dreamscape Serenity,Lunar Harmonists
Celestial Constellations,Enchanted Stardrifters
Eclipse of Desires,Robert Anderson
Starlight Stories,Starlight Sojourners
Serenade of Silence,Midnight Visionaries
Moonshadow Musings,Sapphire Soundscapes
Notes from the Nebula,Eclipse Explorers
Harbor of Harmonies,Starry-Eyed Nomads
Singing with the Stars in Sky Today,Aurora Alchemists
Spectres of Serenity,Lost in Melody
Midnight Whispers,Milky Way Minstrels
Chasing Comet Dreams,Starlight Storytellers
Galactic Enchantment,Midnight Dreamweavers
Astral Rhapsodies,Lost in Melody
Whispers of Destiny,Eclipse Euphonists
Lost in the Universe,Robert Anderson
where we will meet next,The unidentified
Crimson Serenade,Elysian Echoes
Whispers of Winter,Astral Oracles
Echoes of Enchantment,Lunar Lullabyists
A Song for the Stars,Celestial Storytellers
Mystic Moonlight,Harmony of the Cosmos
Harbor of Hopes,Dreamweavers of the Night
Celestial Whispers,Starry-Eyed Melodists
Lost in a Dream,Whispers of Serenity
Serenading the Universe,Sapphire Stardrifters
Eternal Embers,Eclipse Envoys
Melodies of the Mind,Infinite Harmonizers
Starry Reflections,Voyage of the Stars
Lullaby for the Cosmos,Cosmic Cadence
Chasing the Aurora,Stardust Dreamscape
Harmony of the Night,Eternal Serenaders
Sirens in Silence,Astral Alchemists
Wandering Through Worlds,Mysteries of Melody
Midnight Chronicles,Celestial Lullabies
Sapphire Symphony,Harbor of Harmonies
Dreamscape Harmony,Whispers of the Cosmos
Ethereal Elegy,Enchanted Stardrifters
Astral Dreamscape,Serenade Seekers
Stardust Sonata,Starlight Sojourners
Mystical Melodies,Sapphire Soundscapes
Whispers of Wonder,Eclipse Explorers
Galactic Dreams,Starry-Eyed Nomads
Lunar Lullabies,Aurora Alchemists
Starlight Serenity,Lost in Melody
Journey Through Infinity,Milky Way Melodists
Echoes in the Void,Soulful Stardancers
Soulful Stardust,Dreaming Wanderlust
A Dance in the Dark,Infinity Orchestras
Lullaby for Tomorrow,Wandering Constellations
Waves of Stardust,Stardust Harmonists
Serenade of the Stars,Eternal Echoists
Stardust Reverie,Astral Dreamweavers
Celestial Echoes,Mysteries of Music
Songs of Serendipity,Celestial Serenaders
Whispers in the Galaxy,Harbor of Melodies
Starry Nightfall,Whispers in the Void
Soothing Solitude,Enchanted Euphony
Eternal Enchantment,Serenading Starfarers
Siren's Lullaby,Starlight Synchronists
Rhapsody in Stardust,Sapphire Soundscapes
Twilight Serenade,Eclipse Enchanters
Harbor of Serenity,Nebula Navigators
Infinite Harmony,Lost in Melody
Dreams of the Nebula,Milky Way Melodists
Starry-Eyed Serenity,Soulful Stardancers
Aurora Whispers,Dreaming Musicians
Galactic Reflections,Infinity Melodies
Serenade for the Soul,Wandering in Harmony
Whispers of Eternity,Stardust Symphony
Echoes from the Abyss,Eternal Echoes
Lost in the Milky Way,Astral Dreamers
Sirens of the Stars,Harbor of Songs
Cosmic Catharsis,Whispers of Wonder
Astral Awakening,Serenading the Stars
Songs of the Cosmos,Starlight Storytellers
Midnight Meditations,Midnight Dreamweavers
Celestial Canopy,Sapphire Soundscapes
Whispers of Stardust,Cosmic Serenades
Astral Echoes,Celestial Harmonies
Twilight Reverie,Starlight Dreamweavers
Lunar Serenades,Nebula Navigators
Lost in the Celestial Dance,Ethereal Melodies
Midnight Whispers,Serenade Seekers
Symphony of the Cosmos,Starry Nightfall
Echoes of the Void,Enchanted Stardrifters
Serenading the Stars,Celestial Serenaders
Astral Dreamscape,Mystical Harmonies
Enchanted Echoes,Starlight Oracles
Celestial Sonata,Lunar Lullabyists
Cosmic Serenity,Harmonious Stardreamers
Stardust Lullabies,Twilight Voyagers
Whispered Melodies,Nebula Nomads
Echoes in Time,Serenading Infinity
Celestial Whispers,Astral Alchemists
Dreaming of Stardust,Lost in Harmony
Cosmic Harmony,Starry Nightfall
Lunar Reverie,Enchanted Dreamweavers
Echoes in the Twilight,Celestial Serenades
Dreams of Stardust,Ethereal Melodies
Serenade of the Night Sky,Lunar Lullabies
Whispers in the Astral Breeze,Starry Dreamweavers
Lost in the Echoing Cosmos,Harmonious Horizons
Celestial Reverie,Mystical Starlight
Twilight Serenade,Galactic Echoes